{"stat.walkOneCm":947826,"stat.pickup.minecraft.bone":2,"stat.useItem.minecraft.lever":3,"stat.pickup.minecraft.redstone_torch":9,"stat.useItem.minecraft.stone":28,"stat.useItem.minecraft.repeater":29,"stat.leaveGame":34,"stat.useItem.minecraft.comparator":4,"stat.pickup.minecraft.redstone_lamp":2,"stat.useItem.minecraft.apple":1,"stat.pickup.minecraft.redstone_block":2,"stat.jump":2463,"stat.useItem.minecraft.redstone_block":17,"stat.fallOneCm":650,"stat.useItem.minecraft.redstone":93,"stat.useItem.minecraft.item_frame":1,"stat.pickup.minecraft.stone":4,"stat.crouchOneCm":53709,"stat.useItem.minecraft.redstone_torch":77,"stat.sprintOneCm":139974,"stat.useItem.minecraft.stone_slab2":9486,"stat.pickup.minecraft.rotten_flesh":2,"stat.pickup.minecraft.comparator":2,"stat.pickup.minecraft.repeater":4,"stat.useItem.minecraft.iron_block":2,"stat.flyOneCm":15450167,"stat.pickup.minecraft.lever":1,"stat.deaths":2,"stat.pickup.minecraft.sandstone":2,"stat.playOneMinute":1434129,"stat.pickup.minecraft.birch_door":1,"stat.useItem.minecraft.cooked_beef":1,"stat.sneakTime":57807,"stat.damageDealt":50,"stat.pickup.minecraft.redstone":87,"stat.pickup.minecraft.item_frame":5,"stat.timeSinceDeath":1402279,"stat.useItem.minecraft.sandstone":3}