{"stat.walkOneCm":919958,"stat.pickup.minecraft.bone":2,"stat.useItem.minecraft.lever":3,"stat.pickup.minecraft.redstone_torch":9,"stat.useItem.minecraft.stone":28,"stat.useItem.minecraft.repeater":29,"stat.leaveGame":33,"stat.useItem.minecraft.comparator":4,"stat.pickup.minecraft.redstone_lamp":2,"stat.useItem.minecraft.apple":1,"stat.pickup.minecraft.redstone_block":2,"stat.jump":2334,"stat.useItem.minecraft.redstone_block":17,"stat.fallOneCm":420,"stat.useItem.minecraft.redstone":93,"stat.useItem.minecraft.item_frame":1,"stat.pickup.minecraft.stone":4,"stat.crouchOneCm":51134,"stat.useItem.minecraft.redstone_torch":77,"stat.sprintOneCm":131182,"stat.useItem.minecraft.stone_slab2":9337,"stat.pickup.minecraft.rotten_flesh":2,"stat.pickup.minecraft.comparator":2,"stat.pickup.minecraft.repeater":4,"stat.useItem.minecraft.iron_block":2,"stat.flyOneCm":14644751,"stat.pickup.minecraft.lever":1,"stat.deaths":2,"stat.pickup.minecraft.sandstone":2,"stat.playOneMinute":1336321,"stat.pickup.minecraft.birch_door":1,"stat.sneakTime":54276,"stat.damageDealt":50,"stat.pickup.minecraft.redstone":87,"stat.pickup.minecraft.item_frame":5,"stat.timeSinceDeath":1304471,"stat.useItem.minecraft.sandstone":3}